,parBETA,parFC,parK0,parK1,parK2,parLP,parPERC,parUZL,parPCORR,parTT,parCFMAX,parSFCF,parCFR,parCWH
0,0.8186121178959478,0.21191366074887785,0.6449179913950897,0.7472420337538634,0.004781158529354986,0.7518442031743723,0.640099689309436,0.44417682038092715,0.802781620207025,0.06398913019723745,0.5264083985837293,0.1539571289842117,0.8714197772165898,0.3672829160951898
1,0.6647636286052773,0.14159615050014207,0.16941843150457947,0.07118880456353999,0.936313555749223,0.324672834742046,0.9999999999949014,0.5096378347097403,0.5561194259776634,0.30695118243480357,0.6727895210516097,0.6083707576435684,0.6609689567696823,0.8236832134608237
2,0.1242684640746104,0.3518956811846332,0.05890329158481811,0.022238259408114414,0.6221212156871988,0.6928425394700364,0.9999999999159404,0.21674927244987807,0.6358269238332552,0.5603028075254481,0.5378311245019516,0.20642249768681675,0.6826061598576714,0.5170481039866357
3,0.729524467844276,0.5854841611636635,0.052581625262518195,0.08048044895877293,0.8323461869638122,0.5154992436332964,0.9999999989374272,0.8214433824138709,0.7811934879534137,0.6755854391105398,0.514947423708272,0.748940767699924,0.15569519486347538,0.5007215842766177
4,0.5152688858554152,0.7151999555008781,0.004486798485006105,0.0529259117599698,0.2800472903427532,0.40771131436630914,0.9999999997945977,0.4942463632281253,0.9505986092893154,0.49691151245184567,0.9420372250143907,0.2322341140265518,0.7418839653060021,0.08959330841797153
5,0.39699572647757503,0.5529766201447566,0.1319705356471283,0.026215326468731925,0.6635252728869382,0.298308967921581,0.9999999981774281,0.37745380092984665,0.6478789614308611,0.7781903197003389,0.7024359077231221,0.773271414026331,0.043890065283411994,0.45067543512541075
6,0.20489565429733791,0.31725686617723015,0.024942955778002207,0.023708060975956236,0.7275645966308777,0.1942067480608552,0.9999999985481871,0.19697412165733919,0.7004039734162535,0.7151785848804297,0.6246966880375653,0.125997984433052,0.6603634946347614,0.6881311240995514
7,0.5762718716215235,0.5259096239025682,0.6027318823652148,0.4575145402340712,0.0015762821960317364,0.7751720339705194,0.8361510816600242,0.44191402797312496,0.58233694569298,0.41469370318589516,0.5115417742148304,0.7437035374830026,0.5170701515736312,0.20742646438051948
